"Отметка времени",Группа,"Фамилия Имя"
"2020/03/05 18:07:33,041",Другая,"Иванин Евгений"
"2020/03/05 19:17:02,696",825,"Чернов Андрей"
"2020/03/05 19:17:03,071",811,"Чуров Дима"
"2020/03/05 19:17:03,192",824,"Жуков Павел"
"2020/03/05 19:17:04,713",813,"Мальцев Дмитрий"
"2020/03/05 19:17:05,699",821,"Наговицин Марк"
"2020/03/05 19:17:06,558",825,"Халилов Адель"
"2020/03/05 19:17:07,858",824,"Клочко Анастасия"
"2020/03/05 19:17:07,976",826,"Голяр Димитрис"
"2020/03/05 19:17:08,123",827,"Васильев Николай"
"2020/03/05 19:17:08,672",831,"Парамонов Павел"
"2020/03/05 19:17:09,027",825,"Хабутдинов Арслан"
"2020/03/05 19:17:09,343",814,"Куликов Антон"
"2020/03/05 19:17:09,926",823,"Васильев Игорь"
"2020/03/05 19:17:10,823",823,"Кутакова Арина"
"2020/03/05 19:17:11,775",827,"Кулапин Артур"
"2020/03/05 19:17:12,428",825,"Гилязев Юлиан"
"2020/03/05 19:17:12,542",812,"Астафуров Евгений "
"2020/03/05 19:17:10,563",822,"Сурнин Дмитрий"
"2020/03/05 19:17:12,628",821,"Меннибаев Амир"
"2020/03/05 19:17:12,659",811,"Максименко Александр"
"2020/03/05 19:17:14,218",814,"Клещев Максим"
"2020/03/05 19:17:14,536",822,"Кононенко Никита"
"2020/03/05 19:17:15,150",812,"Кулаков Ярослав"
"2020/03/05 19:17:15,689",823,"Юманов Михаил"
"2020/03/05 19:17:15,747",824,"Нургалиев Артём"
"2020/03/05 19:17:16,175",821,"Судаков Дмитрий"
"2020/03/05 19:17:16,392",814,"Яскевич Александр "
"2020/03/05 19:17:17,752",814,"Власов Владислав"
"2020/03/05 19:17:17,802",826,"Карпенко Мария"
"2020/03/05 19:17:17,953",825,"Севец Владислав"
"2020/03/05 19:17:18,284",812,"Овчинникова Дарья"
"2020/03/05 19:17:18,369",826,"Титов Алексей "
"2020/03/05 19:17:19,678",811,"Семенов Богдан"
"2020/03/05 19:17:20,226",821,"Гриб Александр"
"2020/03/05 19:17:20,658",822,"Рухадзе Альбина"
"2020/03/05 19:17:20,868",824,"Алкин Эмиль"
"2020/03/05 19:17:21,517",831,"Меньших Юлия"
"2020/03/05 19:17:21,745",822,"Осокин Денис"
"2020/03/05 19:17:22,173",824,"Кроо Дмитрий "
"2020/03/05 19:17:23,440",831,"Баюк Илья"
"2020/03/05 19:17:23,957",831,"Титов Андрей"
"2020/03/05 19:17:24,323",814,"Купцов Дмитрий"
"2020/03/05 19:17:25,064",811,"Булыгин Артем "
"2020/03/05 19:17:25,206",831,"Райский Максим"
"2020/03/05 19:17:24,809",824,"Нургалиев Тимур"
"2020/03/05 19:17:25,943",827,"Страшнов Алексей"
"2020/03/05 19:17:26,119",825,"Лелейтнер Григорий "
"2020/03/05 19:17:26,177",821,"Третьяков Николай"
"2020/03/05 19:17:28,573",827,"Шлычков Константин"
"2020/03/05 19:17:29,049",821,"Шпаковский Денис"
"2020/03/05 19:17:29,485",825,"Вахрушев Степан"
"2020/03/05 19:17:30,110",823,"Богданович Дмитрий"
"2020/03/05 19:17:30,110",814,"Потяшин Иван"
"2020/03/05 19:17:30,755",824,"Плаксин Павел"
"2020/03/05 19:17:30,592",825,"Сагитов Искандер"
"2020/03/05 19:17:30,965",812,"Муллин Артем"
"2020/03/05 19:17:31,148",823,"Идрисов Салават"
"2020/03/05 19:17:31,300",825,"Барабанщикова Полина"
"2020/03/05 19:17:31,187",831,"Хайруллин Асхат"
"2020/03/05 19:17:31,494",814,"Пономарев Артем"
"2020/03/05 19:17:31,606",827,"Сабиров Эдуард"
"2020/03/05 19:17:32,192",811,"Пилькевич Антон "
"2020/03/05 19:17:32,200",813,"Голубцов Роман"
"2020/03/05 19:17:33,460",822,"Гулевич Дмитрий"
"2020/03/05 19:17:33,498",823,"Мурашов Леонид"
"2020/03/05 19:17:34,673",827,"Колпакчи Мирра "
"2020/03/05 19:17:35,152",823,"Максимов Игорь"
"2020/03/05 19:17:37,329",821,"Цинин Андрей"
"2020/03/05 19:17:37,658",831,"Кузнецов Евгений"
"2020/03/05 19:17:37,766",812,"Половченя Ксения "
"2020/03/05 19:17:38,365",811,"Кухтенков Алексей"
"2020/03/05 19:17:38,448",831,"Козлов Анатолий"
"2020/03/05 19:17:38,463",822,"Возняк Михаил"
"2020/03/05 19:17:38,570",825,"Николаев Михаил"
"2020/03/05 19:17:38,781",825,"Валиев Айдар"
"2020/03/05 19:17:39,575",822,"Кудрявцев Иван"
"2020/03/05 19:17:39,480",831,"Мумладзе Максимелиан"
"2020/03/05 19:17:40,972",827,"Сова Глеб "
"2020/03/05 19:17:41,158",822,"Артемов Антон"
"2020/03/05 19:17:42,338",821,"Пушин Данил"
"2020/03/05 19:17:42,564",823,"Гусев Рлман"
"2020/03/05 19:17:42,890",814,"Сухарников Андрей"
"2020/03/05 19:17:43,101",823,"Копец Максим"
"2020/03/05 19:17:43,808",821,"Богданов Сергей"
"2020/03/05 19:17:44,391",813,"Винокуров Лев"
"2020/03/05 19:17:45,230",Другая,"Белоозерова Яна"
"2020/03/05 19:17:45,621",822,"Волосенков Роман"
"2020/03/05 19:17:45,681",826,"Поминов Денис"
"2020/03/05 19:17:45,841",822,"Смаль Денис"
"2020/03/05 19:17:46,056",Другая,"Свинцицкий Алексей "
"2020/03/05 19:17:46,263",823,"Егоров Павел"
"2020/03/05 19:17:46,263",825,"Халилов Адель"
"2020/03/05 19:17:47,241",822,"Терентьев Алексей "
"2020/03/05 19:17:47,607",827,"Баженов Андрей"
"2020/03/05 19:17:47,776",813,"Аллахвердов Эдуард"
"2020/03/05 19:17:48,394",825,"Толмачев Александр"
"2020/03/05 19:17:48,520",831,"Митрофанов Константин"
"2020/03/05 19:17:48,548",827,"Габбасова Айгуль"
"2020/03/05 19:17:48,759",823,"Зименков Александр"
"2020/03/05 19:17:50,360",812,"Вихров Владислав "
"2020/03/05 19:17:50,479",824,"Деркач Илья"
"2020/03/05 19:17:50,778",824,"Долгов Даниил"
"2020/03/05 19:17:52,228",823,"Субботина Дарья"
"2020/03/05 19:17:53,006",831,"Точилин Владимир"
"2020/03/05 19:17:54,012",824,"Бобохонов Мехрон"
"2020/03/05 19:17:55,485",813,"Литвинова Екатерина"
"2020/03/05 19:17:56,515",822,"Становой Александр"
"2020/03/05 19:17:56,311",821,"Юсупов Артём"
"2020/03/05 19:17:59,770",824,"Бердовский Алексей"
"2020/03/05 19:18:00,218",827,"Зверев Егор"
"2020/03/05 19:18:00,473",813,a
"2020/03/05 19:18:00,856",825,"Гилязев Юлиан"
"2020/03/05 19:18:02,383",831,"Буянов Никита"
"2020/03/05 19:18:02,439",825,"Дудников Тихомир"
"2020/03/05 19:18:02,594",825,"Соколов Георгий"
"2020/03/05 19:18:02,777",813,"Кураксин Дмитрий"
"2020/03/05 19:18:04,659",824,"Абрамов Евгений"
"2020/03/05 19:18:05,747",822,"Земеров Антон"
"2020/03/05 19:18:05,820",827,"Чернышев Александр "
"2020/03/05 19:18:06,278",825,"Терехов Николай"
"2020/03/05 19:18:09,948",813,"Гуминов Георгий"
"2020/03/05 19:18:12,019",824,"Мажейка Михаил"
"2020/03/05 19:18:17,601",823,"Зименков Александр"
"2020/03/05 19:18:18,122",831,"Шитиков Олег"
"2020/03/05 19:18:21,576",821,"Калинин Виктор"
"2020/03/05 19:18:21,750",821,"Сагинбаев Азат"
"2020/03/05 19:18:21,958",812,"Галкин Роман"
"2020/03/05 19:18:25,973",812,"Ханнанова Диляра"
"2020/03/05 19:18:26,375",813,"Рудых Виктория"
"2020/03/05 19:18:28,302",824,"Захарова Татьяна"
"2020/03/05 19:18:29,261",812,"Рябков Дмитрий"
"2020/03/05 19:18:29,776",831,"Грызлов Александр"
"2020/03/05 19:18:32,190",823,"Мурашов Леонид"
"2020/03/05 19:18:33,707",824,"Акопян Альберт"
"2020/03/05 19:18:37,374",811,"Айгожиев Бахтияр"
"2020/03/05 19:18:37,770",811,"Мелешкин Максим"
"2020/03/05 19:18:38,561",822,"Возняк Миша"
"2020/03/05 19:18:39,411",812,"Саня Пмф"
"2020/03/05 19:18:41,792",823,"Проурзин Ян"
"2020/03/05 19:18:45,493",825,"Протасов Дмитрий"
"2020/03/05 19:18:45,872",821,"Пырэу Виталий"
"2020/03/05 19:18:51,941",831,"Еременко Илья"
"2020/03/05 19:18:56,577",822,"Пожуев Владимир"
"2020/03/05 19:18:56,841",827,"Зубов Денисий"
"2020/03/05 19:18:56,978",821,"Данилов Федосий"
"2020/03/05 19:18:56,989",824,"Мартынов Якуб"
"2020/03/05 19:18:56,992",814,"Зеленин Федул"
"2020/03/05 19:18:57,105",825,"Терентьев Аполлинарий"
"2020/03/05 19:18:57,157",823,"Ульянов Созонтий"
"2020/03/05 19:18:57,513",831,"Колпаков Даниил"
"2020/03/05 19:18:57,708",824,"Морозов Ардалион"
"2020/03/05 19:18:57,750",827,"Платонов Игнатий"
"2020/03/05 19:18:57,804",825,"Пахомов Ипполит"
"2020/03/05 19:18:57,838",822,"Пирогов Мариан"
"2020/03/05 19:18:58,054",831,"Горелов Амвросий"
"2020/03/05 19:18:57,932",823,"Панкратов Мариан"
"2020/03/05 19:18:58,630",811,"Косарев Викул"
"2020/03/05 19:18:58,652",824,"Савицкий Меркурий"
"2020/03/05 19:18:58,764",812,"Копылов Флорентий"
"2020/03/05 19:18:58,764",826,"Павлов Арий"
"2020/03/05 19:18:58,956",811,"Семенов Ян"
"2020/03/05 19:18:58,948",822,"Горбачев Светозар"
"2020/03/05 19:18:59,327",823,"Тарасов Евграф"
"2020/03/05 19:18:59,401",823,"Фомичев Аверкий"
"2020/03/05 19:18:59,508",824,"Александров Моисей"
"2020/03/05 19:18:59,597",831,"Куприянов Иосиф"
"2020/03/05 19:18:59,798",824,"Вешняков Иосафат"
"2020/03/05 19:19:00,046",812,"Успенский Йов"
"2020/03/05 19:19:00,014",827,"Одинцов Марк"
"2020/03/05 19:18:59,927",813,"Корнилов Гурий"
"2020/03/05 19:19:00,252",811,"Голованов Акиндин"
"2020/03/05 19:19:00,341",824,"Калугин Бонифат"
"2020/03/05 19:19:00,438",812,"Денисов Спартак"
"2020/03/05 19:19:00,597",824,"Титов Сильван"
"2020/03/05 19:19:00,668",821,"Никитин Фемистокл"
"2020/03/05 19:19:00,725",831,"Корнилов Демид"
"2020/03/05 19:19:00,998",821,"Ермолов Еремей"
"2020/03/05 19:19:00,998",826,"Минин Гаврил"
"2020/03/05 19:19:01,106",826,"Майоров Смарагд"
"2020/03/05 19:19:01,239",812,"Сазонов Бонифат"
"2020/03/05 19:19:01,302",811,"Козлов Самбила"
"2020/03/05 19:19:01,841",821,"Поликарпов Ареф"
"2020/03/05 19:19:01,845",813,"Прокофьев Ануфрий"
"2020/03/05 19:19:02,262",827,"Горбунов Олимпий"
"2020/03/05 19:19:02,133",821,"Корнеев Северин"
"2020/03/05 19:19:01,972",823,"Жданов Македоний"
"2020/03/05 19:19:02,598",827,"Елизаров Полиект"
"2020/03/05 19:19:02,614",814,"Коровин Аггей"
"2020/03/05 19:19:02,619",813,"Егоров Мирон"
"2020/03/05 19:19:03,027",826,"Николаев Анатолий"
"2020/03/05 19:19:03,081",813,"Александров Вильгельм"
"2020/03/05 19:19:03,293",827,"Озеров Богдан"
"2020/03/05 19:19:03,311",814,"Балдицын Владимир"
"2020/03/05 19:19:03,316",825,"Белоусов Прокоп"
"2020/03/05 19:19:03,331",822,"Волков Ларион"
"2020/03/05 19:19:03,980",824,"Родионов Нифонт"
"2020/03/05 19:19:04,186",823,"Козловский Творимир"
"2020/03/05 19:19:04,354",814,"Ананьев Иона"
"2020/03/05 19:19:04,652",825,"Корнилов Гостомысл"
"2020/03/05 19:19:04,666",823,"Маркелов Тигрий"
"2020/03/05 19:19:04,707",825,"Березин Ерофей"
"2020/03/05 19:19:04,956",813,"Ткачев Асаф"
"2020/03/05 19:19:04,956",826,"Козлов Оскар"
"2020/03/05 19:19:04,977",821,"Карпов Данила"
"2020/03/05 19:19:05,831",811,"Агапов Парфений"
"2020/03/05 19:19:05,880",822,"Некрасов Автоном"
"2020/03/05 19:19:06,176",821,"Громов Марк"
"2020/03/05 19:19:06,184",814,"Волошин Увар"
"2020/03/05 19:19:06,187",824,"Балашов Платон"
"2020/03/05 19:19:06,187",825,"Пугачев Акакий"
"2020/03/05 19:19:06,578",813,"Меркулов Патрикий"
"2020/03/05 19:19:07,675",823,"Гордеев Йов"
"2020/03/05 19:19:08,229",811,"Васильев Панфил"
"2020/03/05 19:19:08,173",812,"Емельянов Протас"
"2020/03/05 19:19:08,319",814,"Громов Вилен"
"2020/03/05 19:19:08,305",822,"Муравьев Фотий"
"2020/03/05 19:19:08,282",814,"Воронин Потап"
"2020/03/05 19:19:08,631",825,"Козлов Терентий"
"2020/03/05 19:19:09,382",822,"Коршунов Викул"
"2020/03/05 19:19:09,437",811,"Петухов Арсений"
"2020/03/05 19:19:09,465",823,"Аксенов Игнат"
"2020/03/05 19:19:09,726",827,"Новиков Радислав"
"2020/03/05 19:19:09,730",812,"Парфенов Мисаил"
"2020/03/05 19:19:09,733",821,"Озеров Исаакин"
"2020/03/05 19:19:11,853",831,"Горбунов Сергей"
"2020/03/05 19:19:11,923",823,"Лыков Ермолай"
"2020/03/05 19:19:11,929",813,"Овсянников Патрикий"
"2020/03/05 19:19:11,996",811,"Мухин Григорий"
"2020/03/05 19:19:13,105",822,"Беспалов Акила"
"2020/03/05 19:19:13,105",814,"Носов Карион"
"2020/03/05 19:19:13,223",824,"Терентьев Христофор"
"2020/03/05 19:19:14,180",822,"Павлов Евстрат"
"2020/03/05 19:19:14,228",813,"Вешняков Смарагд"
"2020/03/05 19:19:14,369",813,"Соколов Савва"
"2020/03/05 19:19:14,889",811,"Громов Ареф"
"2020/03/05 19:19:14,908",812,"Русанов Исак"
"2020/03/05 19:19:14,932",827,"Сидоров Мартин"
"2020/03/05 19:19:15,045",821,"Борисов Казимир"
"2020/03/05 19:19:15,056",822,"Емельянов Никон"
"2020/03/05 19:19:15,088",825,"Плотников Увар"
"2020/03/05 19:19:15,508",827,"Устинов Измаил"
"2020/03/05 19:19:15,637",826,"Кононов Генрих"
"2020/03/05 19:19:15,920",825,"Малышев Иринарх"
"2020/03/05 19:19:16,001",814,"Козырев Силуян"
"2020/03/05 19:19:15,960",823,"Савицкий Иннокентий"
"2020/03/05 19:19:16,011",813,"Платонов Арефий"
"2020/03/05 19:19:16,096",823,"Лосев Горгоний"
"2020/03/05 19:19:16,650",827,"Пастухов Лонгин"
"2020/03/05 19:19:16,659",825,"Ширяев Мефодий"
"2020/03/05 19:19:16,691",822,"Анисимов Антонин"
"2020/03/05 19:19:16,721",825,"Костин Кирилл"
"2020/03/05 19:19:16,721",831,"Серебряков Тристан"
"2020/03/05 19:19:17,281",831,"Калачев Амфилохий"
"2020/03/05 19:19:17,300",827,"Кудрявцев Евгений"
"2020/03/05 19:19:17,414",826,"Высоцкий Ксенофонт"
"2020/03/05 19:19:17,378",814,"Воронин Евтихий"
"2020/03/05 19:19:17,647",827,"Горячев Пров"
"2020/03/05 19:19:17,874",824,"Антипов Аверий"
"2020/03/05 19:19:17,961",825,"Воронцов Харитон"
"2020/03/05 19:19:18,078",823,"Дементьев Северьян"
"2020/03/05 19:19:18,203",824,"Леонов Лавр"
"2020/03/05 19:19:18,191",825,"Орехов Аввакум"
"2020/03/05 19:19:18,664",827,"Кузин Панкрат"
"2020/03/05 19:19:18,877",814,"Синицын Арефий"
"2020/03/05 19:19:18,877",823,"Ткачев Онисим"
"2020/03/05 19:19:18,962",831,"Зверев Аскольд"
"2020/03/05 19:19:18,940",814,"Голубев Аристид"
"2020/03/05 19:19:19,444",824,"Олейников Доминик"
"2020/03/05 19:19:19,890",811,"Серов Будимир"
"2020/03/05 19:19:20,008",812,"Сидоров Гурьян"
"2020/03/05 19:19:20,111",814,"Шувалов Увар"
"2020/03/05 19:19:20,102",813,"Медведев Ростислав"
"2020/03/05 19:19:20,709",824,"Судаков Тристан"
"2020/03/05 19:19:20,753",822,"Воронков Давид"
"2020/03/05 19:19:20,827",814,"Сорокин Фридрих"
"2020/03/05 19:19:20,892",812,"Галкин Лев"
"2020/03/05 19:19:20,968",827,"Агеев Евграфий"
"2020/03/05 19:19:21,334",826,"Ерофеев Ермила"
"2020/03/05 19:19:21,337",827,"Басов Агапий"
"2020/03/05 19:19:21,446",813,"Масленников Самбила"
"2020/03/05 19:19:21,688",812,"Меркулов Никита"
"2020/03/05 19:19:21,903",811,"Сотников Варнава"
"2020/03/05 19:19:22,199",827,"Киреев Мокей"
"2020/03/05 19:19:22,196",824,"Раков Вукол"
"2020/03/05 19:19:22,324",827,"Поляков Далмат"
"2020/03/05 19:19:22,316",812,"Митрофанов Каллистрат"
"2020/03/05 19:19:22,536",824,"Рябинин Нефёд"
"2020/03/05 19:19:22,937",814,"Дьяков Селиван"
"2020/03/05 19:19:22,937",827,"Фадеев Иоанн"
"2020/03/05 19:19:23,155",821,"Сурков Михей"
"2020/03/05 19:19:23,178",831,"Моисеев Ефимий"
"2020/03/05 19:19:23,406",831,"Малахов Андрей"
"2020/03/05 19:19:23,725",831,"Шилов Арнольд"
"2020/03/05 19:19:23,710",824,"Высоцкий Юстиниан"
"2020/03/05 19:19:23,945",827,"Кочетков Любомир"
"2020/03/05 19:19:23,979",826,"Болдырев Алексей"
"2020/03/05 19:19:24,130",822,"Нечаев Ростислав"
"2020/03/05 19:19:24,331",811,"Казанцев Исак"
"2020/03/05 19:19:24,339",826,"Фетисов Валентин"
"2020/03/05 19:19:24,499",Другая,"Антоненко Маша"
"2020/03/05 19:19:24,636",814,"Шаров Абакум"
"2020/03/05 19:19:24,710",831,"Черный Касьян"
"2020/03/05 19:19:24,718",831,"Бородин Изот"
"2020/03/05 19:19:24,804",825,"Кожевников Мавродий"
"2020/03/05 19:19:25,440",822,"Терентьев Андроник"
"2020/03/05 19:19:25,469",821,"Коротков Евстахий"
"2020/03/05 19:19:25,571",824,"Захаров Вонифатий"
"2020/03/05 19:19:25,568",813,"Филимонов Остромир"
"2020/03/05 19:19:25,571",812,"Туманов Фока"
"2020/03/05 19:19:25,610",812,"Горелов Спиридон"
"2020/03/05 19:19:27,032",821,"Ульянов Евфимий"
"2020/03/05 19:19:27,117",813,"Наумов Захарий"
"2020/03/05 19:19:27,225",823,"Капустин Исидор"
"2020/03/05 19:19:27,262",823,"Пастухов Викторий"
"2020/03/05 19:19:27,278",825,"Быков Мисаил"
"2020/03/05 19:19:27,312",812,"Титов Ефим"
"2020/03/05 19:19:27,692",831,"Бобров Архип"
"2020/03/05 19:19:27,948",827,"Горшков Трифилий"
"2020/03/05 19:19:28,053",822,"Третьяков Радий"
"2020/03/05 19:19:28,122",822,"Нечаев Гиацинт"
"2020/03/05 19:19:28,411",822,"Белов Иосафат"
"2020/03/05 19:19:28,411",823,"Анисимов Досифей"
"2020/03/05 19:19:28,640",826,"Ершов Исидор"
"2020/03/05 19:19:28,845",827,"Ткачев Сакердон"
"2020/03/05 19:19:28,865",821,"Фетисов Климентий"
"2020/03/05 19:19:28,829",831,"Жуков Мартин"
"2020/03/05 19:19:29,002",811,"Сальников Зосим"
"2020/03/05 19:19:29,021",825,"Сальников Эрнст"
"2020/03/05 19:19:29,301",824,"Кочергин Варсоноф"
"2020/03/05 19:19:29,784",822,"Блохин Елпидифор"
"2020/03/05 19:19:29,875",821,"Пугачев Игорь"
"2020/03/05 19:19:29,873",826,"Шувалов Рувим"
"2020/03/05 19:19:30,097",811,"Гуров Смарагд"
"2020/03/05 19:19:30,303",827,"Тарасов Макарий"
"2020/03/05 19:19:30,332",826,"Бобров Виленин"
"2020/03/05 19:19:31,364",814,"Шевелев Савватей"
"2020/03/05 19:19:31,397",812,"Фирсов Аггей"
"2020/03/05 19:19:31,306",813,"Панов Смарагд"
"2020/03/05 19:19:31,457",812,"Дорохов Самсон"
"2020/03/05 19:19:31,461",814,"Шестаков Филимон"
"2020/03/05 19:19:31,534",811,"Дмитриев Савва"
"2020/03/05 19:19:32,689",811,"Митрофанов Варсоноф"
"2020/03/05 19:19:32,687",822,"Мартынов Агап"
"2020/03/05 19:19:32,712",813,"Глебов Далмат"
"2020/03/05 19:19:32,730",822,"Тарасов Демид"
"2020/03/05 19:19:32,744",823,"Беляков Ириней"
"2020/03/05 19:19:32,898",812,"Жаров Михей"
"2020/03/05 19:19:33,635",831,"Корнеев Иона"
"2020/03/05 19:19:33,694",824,"Устинов Артемий"
"2020/03/05 19:19:33,649",825,"Раков Марат"
"2020/03/05 19:19:33,648",822,"Сидоров Леон"
"2020/03/05 19:19:33,660",822,"Беляев Мечислав"
"2020/03/05 19:19:33,684",827,"Широков Аверьян"
"2020/03/05 19:19:34,386",823,"Зуев Роман"
"2020/03/05 19:19:34,395",825,"Ермолаев Вит"
"2020/03/05 19:19:34,452",827,"Калмыков Арий"
"2020/03/05 19:19:34,560",824,"Дубов Флавиан"
"2020/03/05 19:19:34,561",831,"Русанов Ермил"
"2020/03/05 19:19:34,569",812,"Петровский Роман"
"2020/03/05 19:19:35,277",826,"Игнатьев Валерий"
"2020/03/05 19:19:35,378",822,"Орехов Иероним"
"2020/03/05 19:19:35,442",824,"Ткачев Мелетий"
"2020/03/05 19:19:35,470",814,"Пастухов Евмений"
"2020/03/05 19:19:35,477",812,"Ширяев Станислав"
"2020/03/05 19:19:35,490",814,"Зубов Флавий"
"2020/03/05 19:19:36,079",812,"Трошин Вонифат"
"2020/03/05 19:19:36,295",827,"Серов Донат"
"2020/03/05 19:19:36,378",826,"Ермолов Фабиан"
"2020/03/05 19:19:36,383",831,"Беспалов Евмен"
"2020/03/05 19:19:36,417",827,"Макаров Рафаил"
"2020/03/05 19:19:36,662",813,"Хохлов Тит"
"2020/03/05 19:19:36,871",821,"Свиридов Тигран"
"2020/03/05 19:19:37,188",825,"Серов Салтан"
"2020/03/05 19:19:37,203",812,"Лыков Аполлинарий"
"2020/03/05 19:19:37,203",823,"Богданов Корнелий"
"2020/03/05 19:19:37,224",826,"Беспалов Ратмир"
"2020/03/05 19:19:37,436",821,"Широков Федот"
"2020/03/05 19:19:37,679",814,"Латышев Измарагд"
"2020/03/05 19:19:38,040",826,"Фомичев Илья"
"2020/03/05 19:19:38,012",824,"Казаков Даниил"
"2020/03/05 19:19:38,164",813,"Кулаков Эрнест"
"2020/03/05 19:19:38,271",826,"Журавлев Ипполит"
"2020/03/05 19:19:39,227",814,"Сычев Кондрат"
"2020/03/05 19:19:39,227",825,"Горелов Геннадий"
"2020/03/05 19:19:39,321",822,"Фирсов Исаакин"
"2020/03/05 19:19:39,290",811,"Золотарев Бонифатий"
"2020/03/05 19:19:40,363",825,"Кулагин Архип"
"2020/03/05 19:19:40,308",827,"Раков Олимпий"
"2020/03/05 19:19:40,270",823,"Андреев Аристарх"
"2020/03/05 19:19:40,455",811,"Поляков Доримедонт"
"2020/03/05 19:19:41,335",831,"Ежов Нестор"
"2020/03/05 19:19:41,416",831,"Уткин Евгений"
"2020/03/05 19:19:41,517",821,"Софронов Нестер"
"2020/03/05 19:19:41,549",813,"Пастухов Радим"
"2020/03/05 19:19:41,966",827,"Скворцов Сакердон"
"2020/03/05 19:19:42,355",822,"Наумов Арнольд"
"2020/03/05 19:19:42,355",827,"Владимиров Кир"
"2020/03/05 19:19:42,355",824,"Аксенов Бонифат"
"2020/03/05 19:19:43,015",823,"Любимов Эмиль"
"2020/03/05 19:19:43,095",831,"Марков Силуян"
"2020/03/05 19:19:43,090",823,"Савицкий Савватий"
"2020/03/05 19:19:43,298",811,"Кочетов Азарий"
"2020/03/05 19:19:43,365",821,"Владимиров Агафон"
"2020/03/05 19:19:43,662",826,"Нестеров Кандидий"
"2020/03/05 19:19:43,936",814,"Шестаков Епифан"
"2020/03/05 19:19:43,972",821,"Павлов Макарий"
"2020/03/05 19:19:43,945",814,"Швецов Тигрий"
"2020/03/05 19:19:43,936",827,"Антипов Гаврила"
"2020/03/05 19:19:43,986",821,"Шувалов Андроний"
"2020/03/05 19:19:44,259",813,"Кондрашов Акинф"
"2020/03/05 19:19:45,545",831,"Хомяков Меркурий"
"2020/03/05 19:19:45,578",822,"Молчанов Максимилиан"
"2020/03/05 19:19:45,575",831,"Трофимов Рафаил"
"2020/03/05 19:19:45,559",822,"Миронов Борислав"
"2020/03/05 19:19:45,673",825,"Швецов Трофим"
"2020/03/05 19:19:45,557",823,"Старостин Бонифат"
"2020/03/05 19:19:46,150",831,"Савицкий Ираклий"
"2020/03/05 19:19:46,292",827,"Синицын Арефий"
"2020/03/05 19:19:46,300",823,"Соловьев Тит"
"2020/03/05 19:19:46,296",826,"Никифоров Аксентий"
"2020/03/05 19:19:46,300",824,"Капустин Селивёрст"
"2020/03/05 19:19:46,313",812,"Зимин Сидор"
"2020/03/05 19:19:46,698",811,"Дьяконов Евстигней"
"2020/03/05 19:19:47,120",831,"Глушков Эмиль"
"2020/03/05 19:19:47,120",831,"Савельев Акакий"
"2020/03/05 19:19:47,249",824,"Высоцкий Митрофаний"
"2020/03/05 19:19:47,284",814,"Ерофеев Корнилий"
"2020/03/05 19:19:47,307",811,"Жилин Евмений"
"2020/03/05 19:19:47,480",811,"Русанов Адам"
"2020/03/05 19:19:48,287",826,"Глухов Иннокентий"
"2020/03/05 19:19:48,467",821,"Бобров Вукол"
"2020/03/05 19:19:48,491",821,"Орлов Игнат"
"2020/03/05 19:19:48,467",823,"Астахов Дормидбнт"
"2020/03/05 19:19:48,517",826,"Зимин Смарагд"
"2020/03/05 19:19:48,504",821,"Барсуков Оскар"
"2020/03/05 19:19:48,949",821,"Киселев Константин"
"2020/03/05 19:19:49,607",823,"Симонов Корнил"
"2020/03/05 19:19:49,646",821,"Зайцев Самсоний"
"2020/03/05 19:19:49,652",811,"Филиппов Ярослав"
"2020/03/05 19:19:49,637",812,"Агафонов Вассиан"
"2020/03/05 19:19:49,607",824,"Пастухов Авенир"
"2020/03/05 19:19:49,662",831,"Антонов Гораций"
"2020/03/05 19:19:51,030",814,"Минаев Кандидий"
"2020/03/05 19:19:51,030",824,"Ушаков Люциан"
"2020/03/05 19:19:51,060",811,"Глухов Тимофей"
"2020/03/05 19:19:51,058",827,"Родионов Федосий"
"2020/03/05 19:19:51,146",821,"Столяров Иосафат"
"2020/03/05 19:19:51,903",814,"Пчелинцев Святослав"
"2020/03/05 19:19:52,188",827,"Романов Ерофей"
"2020/03/05 19:19:53,204",812,"Ильинский Игорь"
"2020/03/05 19:19:53,469",812,"Терентьев Елизар"
"2020/03/05 19:19:53,493",812,"Кочетов Леонид"
"2020/03/05 19:19:53,500",811,"Шестаков Платон"
"2020/03/05 19:19:53,470",831,"Афанасьев Анатолий"
"2020/03/05 19:19:53,532",814,"Куприянов Яков"
"2020/03/05 19:19:54,007",811,"Горбунов Радован"
"2020/03/05 19:19:54,818",811,"Головин Климентий"
"2020/03/05 19:19:54,811",831,"Прохоров Бронислав"
"2020/03/05 19:19:54,861",826,"Кондратов Ефрем"
"2020/03/05 19:19:55,344",824,"Никонов Лонгин"
"2020/03/05 19:19:55,336",823,"Тимофеев Калуф"
"2020/03/05 19:19:55,464",811,"Никонов Карион"
"2020/03/05 19:19:55,518",824,"Черкасов Всеволод"
"2020/03/05 19:19:55,567",831,"Сергеев Салтан"
"2020/03/05 19:19:55,700",824,"Зимин Фортунат"
"2020/03/05 19:19:56,246",824,"Покровский Малх"
"2020/03/05 19:19:56,348",826,"Фомин Изосим"
"2020/03/05 19:19:56,346",831,"Рожков Ермил"
"2020/03/05 19:19:56,359",824,"Панков Валериан"
"2020/03/05 19:19:56,359",823,"Клюев Дементий"
"2020/03/05 19:19:56,424",822,"Родионов Абакум"
"2020/03/05 19:19:57,075",814,"Дружинин Дмитрий"
"2020/03/05 19:19:57,132",825,"Чижов Флавий"
"2020/03/05 19:19:57,154",821,"Прокофьев Никанор"
"2020/03/05 19:19:57,153",831,"Калашников Вавила"
"2020/03/05 19:19:57,154",826,"Левин Далмат"
"2020/03/05 19:19:57,178",831,"Кулешов Леонард"
"2020/03/05 19:19:57,906",827,"Бычков Питирим"
"2020/03/05 19:19:57,948",811,"Румянцев Федот"
"2020/03/05 19:19:57,906",813,"Шувалов Кастрихий"
"2020/03/05 19:19:57,905",811,"Потапов Михаил"
"2020/03/05 19:19:57,927",822,"Комиссаров Протасий"
"2020/03/05 19:19:57,965",827,"Рябов Корней"
"2020/03/05 19:19:58,607",821,"Муравьев Анисим"
"2020/03/05 19:19:58,671",813,"Емельянов Мартин"
"2020/03/05 19:19:58,697",821,"Корнилов Самбила"
"2020/03/05 19:19:58,688",824,"Корнилов Силантий"
"2020/03/05 19:19:58,671",822,"Островский Добромысл"
"2020/03/05 19:19:58,819",812,"Гусев Феогност"
"2020/03/05 19:19:59,220",813,"Фирсов Силантий"
"2020/03/05 19:19:59,222",823,"Кондрашов Корнелий"
"2020/03/05 19:19:59,203",821,"Орлов Евстрат"
"2020/03/05 19:19:59,266",814,"Кочергин Давид"
"2020/03/05 19:19:59,289",831,"Горохов Вукол"
"2020/03/05 19:19:59,418",823,"Яковлев Владлен"
"2020/03/05 19:19:59,931",823,"Орлов Владимир"
"2020/03/05 19:20:00,046",821,"Ильинский Софоний"
"2020/03/05 19:19:59,968",812,"Шаров Максим"
"2020/03/05 19:20:00,046",831,"Воробьев Самбила"
"2020/03/05 19:20:00,528",827,"Игнатьев Федотий"
"2020/03/05 19:20:00,649",831,"Попов Денис"
"2020/03/05 19:20:00,727",823,"Селиванов Адриан"
"2020/03/05 19:20:01,160",812,"Басов Любомир"
"2020/03/05 19:20:01,235",827,"Никулин Рудольф"
"2020/03/05 19:20:01,236",821,"Дубровин Василий"
"2020/03/05 19:20:01,408",823,"Голованов Ардалион"
"2020/03/05 19:20:01,825",812,"Авдеев Мардарий"
"2020/03/05 19:20:01,847",827,"Жданов Гурьян"
"2020/03/05 19:20:02,044",814,"Жилин Поликарп"
"2020/03/05 19:20:02,076",827,"Орлов Аркадий"
"2020/03/05 19:20:01,957",824,"Макеев Фадей"
"2020/03/05 19:20:02,076",822,"Михайлов Ипат"
"2020/03/05 19:20:02,982",821,"Винокуров Ермолай"
"2020/03/05 19:20:03,050",831,"Калугин Конон"
"2020/03/05 19:20:03,067",812,"Сафонов Доминик"
"2020/03/05 19:20:03,140",814,"Чесноков Кастрихий"
"2020/03/05 19:20:03,217",813,"Чистяков Аникита"
"2020/03/05 19:20:03,360",811,"Сазонов Смарагд"
"2020/03/05 19:20:04,010",823,"Ларионов Нефёд"
"2020/03/05 19:20:04,015",822,"Пантелеев Виталий"
"2020/03/05 19:20:04,011",825,"Калугин Бенедикт"
"2020/03/05 19:20:04,117",822,"Ермолаев Никодим"
"2020/03/05 19:20:04,015",823,"Артамонов Дорофей"
"2020/03/05 19:20:04,632",814,"Глушков Смарагд"
"2020/03/05 19:20:04,038",826,"Косарев Филипп"
"2020/03/05 19:20:04,561",814,"Парфенов Терентий"
"2020/03/05 19:20:04,545",827,"Ананьев Симон"
"2020/03/05 19:20:04,589",823,"Леонов Свирид"
"2020/03/05 19:20:04,692",811,"Кукушкин Арий"
"2020/03/05 19:20:04,713",825,"Уткин Прокофий"
"2020/03/05 19:20:04,865",826,"Карпенко Мария"
"2020/03/05 19:20:05,172",827,"Соболев Любомир"
"2020/03/05 19:20:05,201",825,"Жилин Мина"
"2020/03/05 19:20:05,166",822,"Гладков Ким"
"2020/03/05 19:20:05,172",812,"Ершов Федосей"
"2020/03/05 19:20:05,208",827,"Свешников Агап"
"2020/03/05 19:20:05,302",823,"Пахомов Ладимир"
"2020/03/05 19:20:05,990",824,"Ермаков Феофилакт"
"2020/03/05 19:20:06,325",813,"Еремеев Андриан"
"2020/03/05 19:20:06,325",823,"Дроздов Гурьян"
"2020/03/05 19:20:06,321",811,"Блохин Измарагд"
"2020/03/05 19:20:06,325",822,"Мухин Прокофий"
"2020/03/05 19:20:06,462",813,"Успенский Егорий"
"2020/03/05 19:20:06,570",814,"Крылов Модест"
"2020/03/05 19:20:07,113",814,"Ерофеев Потапий"
"2020/03/05 19:20:07,160",813,"Демьянов Меркул"
"2020/03/05 19:20:07,113",825,"Моргунов Дементий"
"2020/03/05 19:20:07,311",814,"Румянцев Феогност"
"2020/03/05 19:20:07,343",822,"Смирнов Акинфий"
"2020/03/05 19:20:07,453",814,"Терентьев Харлампий"
"2020/03/05 19:20:07,771",827,"Евдокимов Гавриил"
"2020/03/05 19:20:07,776",814,"Потапов Мечислав"
"2020/03/05 19:20:07,825",824,"Астафьев Никита"
"2020/03/05 19:20:07,941",811,"Беспалов Каллистрат"
"2020/03/05 19:20:08,272",822,"Новиков Иустин"
"2020/03/05 19:20:08,711",831,"Дроздов Ареф"
"2020/03/05 19:20:09,658",821,"Гладков Гервасий"
"2020/03/05 19:20:09,776",827,"Кононов Станислав"
"2020/03/05 19:20:09,802",827,"Дмитриев Леопольд"
"2020/03/05 19:20:09,776",812,"Черняев Герасим"
"2020/03/05 19:20:09,779",813,"Павлов Гордей"
"2020/03/05 19:20:09,857",813,"Чижов Савва"
"2020/03/05 19:20:10,653",831,"Романов Илья"
"2020/03/05 19:20:10,765",823,"Мальцев Роман"
"2020/03/05 19:20:10,775",814,"Абрамов Афинодор"
"2020/03/05 19:20:10,765",827,"Горбунов Прокопий"
"2020/03/05 19:20:10,793",812,"Хомяков Мефодий"
"2020/03/05 19:20:10,797",822,"Аникин Маврикий"
"2020/03/05 19:20:11,679",826,"Морозов Эраст"
"2020/03/05 19:20:11,554",813,"Мальцев Мокей"
"2020/03/05 19:20:11,748",813,"Кондратов Нефёд"
"2020/03/05 19:20:11,839",812,"Андрианов Аристид"
"2020/03/05 19:20:11,790",822,"Головин Сократ"
"2020/03/05 19:20:11,839",827,"Киреев Ерофей"
"2020/03/05 19:20:12,323",831,"Уткин Диомид"
"2020/03/05 19:20:12,334",811,"Федоров Анект"
"2020/03/05 19:20:12,447",825,"Астафьев Ириней"
"2020/03/05 19:20:12,490",811,"Крылов Протас"
"2020/03/05 19:20:12,557",825,"Ермилов Варламий"
"2020/03/05 19:20:12,604",822,"Лопатин Милий"
"2020/03/05 19:20:13,187",822,"Корнилов Савватей"
"2020/03/05 19:20:13,187",821,"Антипов Викула"
"2020/03/05 19:20:13,193",822,"Артамонов Радий"
"2020/03/05 19:20:13,192",821,"Клюев Сосипатр"
"2020/03/05 19:20:13,336",825,"Кочергин Рюрик"
"2020/03/05 19:20:13,397",831,"Павлов Юлиан"
"2020/03/05 19:20:13,799",824,"Сидоров Фотий"
"2020/03/05 19:20:13,851",822,"Кулагин Маврикий"
"2020/03/05 19:20:14,012",811,"Никитин Лукан"
"2020/03/05 19:20:14,265",826,"Карпенко Мария"
"2020/03/05 19:20:14,113",812,"Алексеев Фирс"
"2020/03/05 19:20:14,970",825,"Суханов Казимир"
"2020/03/05 19:20:14,971",824,"Никонов Давид"
"2020/03/05 19:20:15,281",823,"Шубин Тимофей"
"2020/03/05 19:20:15,289",814,"Воробьев Варнава"
"2020/03/05 19:20:15,381",814,"Ершов Стоян"
"2020/03/05 19:20:15,344",827,"Марков Георгий"
"2020/03/05 19:20:15,804",827,"Белкин Люциан"
"2020/03/05 19:20:15,966",822,"Швецов Рувим"
"2020/03/05 19:20:16,200",821,"Сергеев Полиект"
"2020/03/05 19:20:16,200",827,"Косарев Маврикий"
"2020/03/05 19:20:16,200",813,"Цветков Будимир"
"2020/03/05 19:20:16,332",813,"Евдокимов Творимир"
"2020/03/05 19:20:16,568",822,"Руднев Аполлон"
"2020/03/05 19:20:16,562",824,"Вавилов Геронтий"
"2020/03/05 19:20:16,726",825,"Бородин Филат"
"2020/03/05 19:20:16,870",813,"Белов Илья "
"2020/03/05 19:20:16,904",825,"Волков Терентий"
"2020/03/05 19:20:17,032",826,"Ермилов Гервасий"
"2020/03/05 19:20:17,526",812,"Голиков Феофилакт"
"2020/03/05 19:20:17,871",827,"Петухов Македоний"
"2020/03/05 19:20:17,871",821,"Зыков Нил"
"2020/03/05 19:20:17,899",811,"Иванов Велизар"
"2020/03/05 19:20:17,964",811,"Корнев Евстратий"
"2020/03/05 19:20:18,060",825,"Астафьев Селивёрст"
"2020/03/05 19:20:18,238",821,"Прокофьев Платон"
"2020/03/05 19:20:18,628",827,"Краснов Фома"
"2020/03/05 19:20:18,655",812,"Ефремов Гервасий"
"2020/03/05 19:20:18,651",826,"Калинин Бронислав"
"2020/03/05 19:20:18,676",811,"Верещагин Флегонт"
"2020/03/05 19:20:18,890",823,"Смирнов Каллимах"
"2020/03/05 19:20:18,978",812,"Минаев Селиван"
"2020/03/05 19:20:19,937",814,"Булатов Антипий"
"2020/03/05 19:20:19,975",827,"Терехов Агапий"
"2020/03/05 19:20:20,150",827,"Миронов Сигизмунд"
"2020/03/05 19:20:20,172",826,"Федосеев Корнелий"
"2020/03/05 19:20:19,990",813,"Верещагин Варнава"
"2020/03/05 19:20:20,663",813,"Болдырев Милий"
"2020/03/05 19:20:20,806",831,"Чижов Валериан"
"2020/03/05 19:20:21,211",823,"Куликов Сила"
"2020/03/05 19:20:21,373",827,"Терехов Артур"
"2020/03/05 19:20:21,464",813,"Лукьянов Мефодий"
"2020/03/05 19:20:21,464",825,"Ежов Маркиан"
"2020/03/05 19:20:21,508",822,"Хромов Наум"
"2020/03/05 19:20:21,513",821,"Русанов Александр"
"2020/03/05 19:20:21,829",823,"Черняев Назарий"
"2020/03/05 19:20:22,032",825,"Трофимов Витовт"
"2020/03/05 19:20:22,133",811,"Максимов Мартирий"
"2020/03/05 19:20:22,133",822,"Малахов Ананий"
"2020/03/05 19:20:22,093",825,"Дубов Серапион"
"2020/03/05 19:20:22,176",831,"Столяров Лавр"
"2020/03/05 19:20:22,474",811,"Копылов Далмат"
"2020/03/05 19:20:22,619",822,"Головин Варсонофий"
"2020/03/05 19:20:22,780",812,"Лавров Тимур"
"2020/03/05 19:20:22,785",831,"Лапшин Устин"
"2020/03/05 19:20:22,778",824,"Поляков Самуил"
"2020/03/05 19:20:22,971",813,"Козин Родион"
"2020/03/05 19:20:22,971",823,"Майоров Михаил"
"2020/03/05 19:20:23,346",827,"Глушков Анисий"
"2020/03/05 19:20:23,708",831,"Суворов Саверий"
"2020/03/05 19:20:23,826",811,"Туманов Варнава"
"2020/03/05 19:20:24,115",811,"Филатов Антропий"
"2020/03/05 19:20:24,160",827,"Кукушкин Гаврила"
"2020/03/05 19:20:24,416",827,"Королев Терентий"
"2020/03/05 19:20:24,417",813,"Никольский Исак"
"2020/03/05 19:20:24,846",813,"Миронов Иринарх"
"2020/03/05 19:20:24,846",814,"Панфилов Каллисфен"
"2020/03/05 19:20:25,096",823,"Бородин Лазарь"
"2020/03/05 19:20:25,233",811,"Демидов Фотий"
"2020/03/05 19:20:25,309",823,"Матвеев Африкан"
"2020/03/05 19:20:25,346",822,"Ерофеев Ефрем"
"2020/03/05 19:20:25,486",811,"Малышев Генрих"
"2020/03/05 19:20:25,505",812,"Окулов Ипат"
"2020/03/05 19:20:25,772",823,"Колпаков Витольд"
"2020/03/05 19:20:25,742",821,"Пантелеев Стоян"
"2020/03/05 19:20:26,299",811,"Болдырев Савватий"
"2020/03/05 19:20:26,408",825,"Хохлов Эмилий"
"2020/03/05 19:20:26,372",821,"Андрианов Федул"
"2020/03/05 19:20:26,532",821,"Павлов Филипп"
"2020/03/05 19:20:26,531",826,"Зубков Тихон"
"2020/03/05 19:20:26,564",814,"Евдокимов Гаврила"
"2020/03/05 19:20:27,288",812,"Ситников Тигран"
"2020/03/05 19:20:27,292",824,"Дьяков Бонифатий"
"2020/03/05 19:20:27,433",825,"Киселев Ириней"
"2020/03/05 19:20:27,474",814,"Рубцов Питирим"
"2020/03/05 19:20:27,435",811,"Журавлев Абросим"
"2020/03/05 19:20:27,566",822,"Токарев Анисим"
"2020/03/05 19:20:27,855",824,"Буров Лазарь"
"2020/03/05 19:20:27,873",824,"Шульгин Гедеон"
"2020/03/05 19:20:28,042",821,"Панков Аристид"
"2020/03/05 19:20:28,096",823,"Агапов Каллиопий"
"2020/03/05 19:20:28,147",822,"Румянцев Филарет"
"2020/03/05 19:20:28,171",821,"Ситников Антропий"
"2020/03/05 19:20:28,542",811,"Виноградов Ярослав"
"2020/03/05 19:20:28,596",814,"Высоцкий Фадей"
"2020/03/05 19:20:28,834",824,"Мухин Касьян"
"2020/03/05 19:20:28,989",814,"Одинцов Юстиниан"
"2020/03/05 19:20:29,002",811,"Сазонов Остромир"
"2020/03/05 19:20:29,034",827,"Коровин Авдей"
"2020/03/05 19:20:29,193",831,"Корчагин Бонифат"
"2020/03/05 19:20:29,191",822,"Семенов Флорентий"
"2020/03/05 19:20:29,456",831,"Калинин Алексий"
"2020/03/05 19:20:29,650",811,"Хомяков Селиван"
"2020/03/05 19:20:29,714",824,"Бабушкин Ермолай"
"2020/03/05 19:20:29,892",822,"Ефимов Платон"
"2020/03/05 19:20:29,992",812,"Рубцов Фадей"
"2020/03/05 19:20:30,092",827,"Андреев Олег"
"2020/03/05 19:20:30,207",821,"Нечаев Арнольд"
"2020/03/05 19:20:30,297",811,"Данилов Ферапонт"
"2020/03/05 19:20:30,364",823,"Беспалов Аполлон"
"2020/03/05 19:20:30,516",825,"Курочкин Михаил"
"2020/03/05 19:20:30,545",822,"Андреев Патрикей"
"2020/03/05 19:20:30,623",813,"Потапов Мартин"
"2020/03/05 19:20:30,920",812,"Беликов Геронтий"
"2020/03/05 19:20:30,955",823,"Русанов Герасим"
"2020/03/05 19:20:31,043",821,"Агафонов Фёдор"
"2020/03/05 19:20:31,155",814,"Колесов Нестор"
"2020/03/05 19:20:31,159",827,"Пирогов Рюрик"
"2020/03/05 19:20:31,202",825,"Данилов Игнатий"
"2020/03/05 19:20:31,606",826,"Агафонов Иустин"
"2020/03/05 19:20:31,594",831,"Голиков Палладий"
"2020/03/05 19:20:31,823",822,"Щеглов Федул"
"2020/03/05 19:20:31,858",827,"Касьянов Фома"
"2020/03/05 19:20:31,858",823,"Кочергин Дормедонт"
"2020/03/05 19:20:32,296",822,"Горшков Каллиопий"
"2020/03/05 19:20:32,412",812,"Суханов Ираклий"
"2020/03/05 19:20:32,549",831,"Дубинин Македон"
"2020/03/05 19:20:32,539",813,"Дегтярев Фирс"
"2020/03/05 19:20:32,568",831,"Калугин Мечислав"
"2020/03/05 19:20:32,694",824,"Колесов Евмен"
"2020/03/05 19:20:32,903",831,"Сизов Евстигней"
"2020/03/05 19:20:33,142",823,"Ермаков Амвросий"
"2020/03/05 19:20:33,142",831,"Горшков Любим"
"2020/03/05 19:20:33,127",812,"Сухов Акила"
"2020/03/05 19:20:33,185",827,"Семенов Автоном"
"2020/03/05 19:20:33,551",826,"Вишневский Григорий"
"2020/03/05 19:20:33,898",811,"Ушаков Назар"
"2020/03/05 19:20:34,202",813,"Третьяков Потапий"
"2020/03/05 19:20:34,093",824,"Абрамов Всеволод"
"2020/03/05 19:20:34,322",813,"Астахов Давид"
"2020/03/05 19:20:34,405",821,"Шаповалов Ареф"
"2020/03/05 19:20:34,478",811,"Калмыков Конон"
"2020/03/05 19:20:34,765",821,"Игнатов Валериан"
"2020/03/05 19:20:35,072",814,"Васильев Евтихий"
"2020/03/05 19:20:35,127",814,"Сергеев Авдей"
"2020/03/05 19:20:35,268",814,"Фетисов Иосиф"
"2020/03/05 19:20:35,256",812,"Панков Артамон"
"2020/03/05 19:20:35,957",812,"Карпов Никандр"
"2020/03/05 19:20:35,593",812,"Черных Лаврентий"
"2020/03/05 19:20:36,468",812,"Стариков Степан"
"2020/03/05 19:20:36,625",814,"Корнев Ферапонт"
"2020/03/05 19:20:36,736",823,"Евсеев Акакий"
"2020/03/05 19:20:36,759",812,"Зотов Ксенофонт"
"2020/03/05 19:20:36,773",827,"Меркулов Дионисий"
"2020/03/05 19:20:36,807",825,"Гуляев Ареф"
"2020/03/05 19:20:37,183",826,"Елисеев Фалалей"
"2020/03/05 19:20:37,095",813,"Митрофанов Антон"
"2020/03/05 19:20:37,855",827,"Еремин Меркурий"
"2020/03/05 19:20:37,860",824,"Сахаров Стратбник"
"2020/03/05 19:20:37,867",831,"Кукушкин Макар"
"2020/03/05 19:20:37,952",813,"Медведев Ксенофонт"
"2020/03/05 19:20:38,081",825,"Бычков Харлам"
"2020/03/05 19:20:38,163",811,"Блинов Епифаний"
"2020/03/05 19:20:38,261",827,"Чувиляева Ирина"
"2020/03/05 19:20:39,361",812,"Баклашкин Михаил"
"2020/03/05 19:20:39,366",812,"Анисимов Евлогий"
"2020/03/05 19:20:39,414",822,"Евсеев Капитон"
"2020/03/05 19:20:39,435",814,"Панфилов Христофор"
"2020/03/05 19:20:39,784",831,"Волошин Корней"
"2020/03/05 19:20:39,890",827,"Кудрявцев Вукол"
"2020/03/05 19:20:39,929",827,"Козырев Назарий"
"2020/03/05 19:20:40,121",812,"Романов Рюрик"
"2020/03/05 19:20:40,477",822,"Панов Пармен"
"2020/03/05 19:20:40,576",813,"Гусев Гелий"
"2020/03/05 19:20:41,852",823,"Захаров Аверкий"
"2020/03/05 19:20:41,857",824,"Швецов Нифонт"
"2020/03/05 19:20:41,200",824,"Фадеев Митрофаний"
"2020/03/05 19:20:42,449",814,"Артамонов Эмилий"
"2020/03/05 19:20:42,561",814,"Кириллов Севастьян"
"2020/03/05 19:20:42,552",813,"Золотов Мавр"
"2020/03/05 19:20:42,653",823,"Клюев Каллиник"
"2020/03/05 19:20:42,649",826,"Миронов Созонтий"
"2020/03/05 19:20:42,689",823,"Щукин Мариан"
"2020/03/05 19:20:43,602",825,"Баженов Варламий"
"2020/03/05 19:20:43,727",821,"Косарев Родион"
"2020/03/05 19:20:43,974",823,"Цветков Трофим"
"2020/03/05 19:20:43,997",826,"Лаптев Сократ"
"2020/03/05 19:20:44,024",821,"Трофимов Гаврил"
"2020/03/05 19:20:44,350",827,"Шевцов Павлин"
"2020/03/05 19:20:44,608",822,"Тимофеев Трофим"
"2020/03/05 19:20:45,003",813,"Шевцов Лонгин"
"2020/03/05 19:20:45,159",823,"Горелов Артамон"
"2020/03/05 19:20:45,251",826,"Крюков Созон"
"2020/03/05 19:20:45,159",827,"Семин Май"
"2020/03/05 19:20:46,194",821,"Воронцов Игорь"
"2020/03/05 19:20:46,245",825,"Латышев Леонард"
"2020/03/05 19:20:47,032",825,"Дроздов Дмитрий"
"2020/03/05 19:20:47,044",827,"Федосеев Флориан"
"2020/03/05 19:20:47,020",831,"Дмитриев Савин"
"2020/03/05 19:20:47,032",824,"Суворов Лаврентий"
"2020/03/05 19:20:47,157",814,"Мельников Северьян"
"2020/03/05 19:20:47,166",823,"Лобанов Галактион"
"2020/03/05 19:20:48,790",821,"Дубинин Елистрат"
"2020/03/05 19:20:48,791",823,"Киселев Спиридон"
"2020/03/05 19:20:48,790",826,"Малышев Андрон"
"2020/03/05 19:20:48,790",814,"Касаткин Акиндин"
"2020/03/05 19:20:48,814",814,"Беликов Силантий"
"2020/03/05 19:20:48,925",813,"Воробьев Кузьма"
"2020/03/05 19:20:49,957",823,"Акимов Леон"
"2020/03/05 19:20:49,957",822,"Третьяков Лукан"
"2020/03/05 19:20:50,001",821,"Олейников Ярополк"
"2020/03/05 19:20:50,022",811,"Потапов Ананий"
"2020/03/05 19:20:50,081",824,"Авдеев Аскольд"
"2020/03/05 19:20:50,086",814,"Данилов Аникий"
"2020/03/05 19:20:50,796",811,"Павловский Эммануил"
"2020/03/05 19:20:50,783",824,"Горлов Варфоломей"
"2020/03/05 19:20:50,811",813,"Терентьев Протасий"
"2020/03/05 19:20:50,796",821,"Федоров Леон"
"2020/03/05 19:20:50,808",812,"Серов Михаил"
"2020/03/05 19:20:50,813",826,"Постников Радован"
"2020/03/05 19:20:51,801",813,"Артамонов Иринарх"
"2020/03/05 19:20:51,797",811,"Селиванов Анатолий"
"2020/03/05 19:20:52,102",825,"Казаков Абросим"
"2020/03/05 19:20:52,284",831,"Беляев Олег"
"2020/03/05 19:20:52,284",814,"Астахов Святослав"
"2020/03/05 19:20:53,162",824,"Баженов Антипий"
"2020/03/05 19:21:01,279",831,"Степанов Глеб"
"2020/03/05 19:21:08,186",825,"Николаев Александр "
"2020/03/05 19:21:18,407",821,"Запольский Дмитрий"
"2020/03/05 19:23:08,080",826,"Протас Мария"
"2020/03/05 19:28:51,008",826,"Князева Анастасия"
"2020/03/05 19:32:38,972",825,"Агуреев Роман"
"2020/03/05 19:36:53,212",824,"Солженицына Екатерина "
"2020/03/05 20:06:10,761",827,"Сунгатуллина Гульнара"
"2020/03/05 20:14:13,580",814,"Слепнев Артур"
"2020/03/05 21:46:29,579",822,"Рухадзе Альбина"
"2020/03/05 22:40:05,662",Другая,"Свинцицкий Алексей "
"2020/03/07 22:29:26,407",824,"Нургалиев Тимур"
